{"options":{},"indexes":[{"v":1,"key":{"_id":1},"name":"_id_","ns":"jukebox.users"},{"v":1,"unique":true,"key":{"username":1},"name":"username_1","ns":"jukebox.users","sparse":1},{"v":1,"unique":true,"key":{"emails.address":1},"name":"emails.address_1","ns":"jukebox.users","sparse":1},{"v":1,"unique":true,"key":{"services.resume.loginTokens.hashedToken":1},"name":"services.resume.loginTokens.hashedToken_1","ns":"jukebox.users","sparse":1},{"v":1,"unique":true,"key":{"services.resume.loginTokens.token":1},"name":"services.resume.loginTokens.token_1","ns":"jukebox.users","sparse":1},{"v":1,"key":{"services.resume.haveLoginTokensToDelete":1},"name":"services.resume.haveLoginTokensToDelete_1","ns":"jukebox.users","sparse":1},{"v":1,"key":{"services.resume.loginTokens.when":1},"name":"services.resume.loginTokens.when_1","ns":"jukebox.users","sparse":1},{"v":1,"key":{"services.password.reset.when":1},"name":"services.password.reset.when_1","ns":"jukebox.users","sparse":1},{"v":1,"unique":true,"key":{"services.google.id":1},"name":"services.google.id_1","ns":"jukebox.users","sparse":1},{"v":1,"unique":true,"key":{"services.facebook.id":1},"name":"services.facebook.id_1","ns":"jukebox.users","sparse":1}]}